{
  "deposited_date" : "21/05/2007",
  "legislation" : "Environmental Protection (Controls on Ozone-Depleting Substances) Regulations 2002 Ozone Depleting Substances (Qualifications) (Amendment) Regulations 2007 Ozone Depleting Substances (Qualifications) Regulations 2006",
  "year" : "pre2007",
  "description" : "Consultation on the proposed amendments to the Environmental Protection (Controls on Ozone-Depleting Substances) Regulations 2002 and the Ozone Depleting Substances (Qualifications) (Amendment) Regulations 2007.",
  "department" : "Dept for Environment Food and Rural Affairs Dept of Trade and Industry"
}